Name,Email,Address 1,Address 2,City,State,Zip Code,Country,Tournaments Attending,Order Date
Evelyn Hernandez,evelyn.hernandez224@yahoo.com,271 Main St,,Chicago,NY,26607,USA,Rolex Paris Masters; Rio Open; US Open,2025-06-05
Paisley Snyder,paisley.snyder16@test.com,3722 Main Way,,Spokane,WY,88614,USA,Mubadala Citi DC Open; Dubai Duty Free Tennis Championships (WTA); Rothesay Open Nottingham,2025-06-05
Audrey Bryant,audrey967@mockmail.net,6839 Park Way,,Fremont,NH,30245,USA,Rolex Shanghai Masters; Australian Open; ABN AMRO Open (Rotterdam),2025-06-05
Ethan Lopez,elopez@verizon.net,7760 Cedar Blvd,,Wichita,SC,96394,USA,bett1open (Berlin),2025-06-05
Ashley Edwards,ashleyedwards@msn.com,3902 Second Way,,Lubbock,ID,23815,USA,Mubadala Citi DC Open; Abierto Mexicano Telcel (Acapulco); ABN AMRO Open (Rotterdam),2025-06-05
Naomi Washington,nwashington@outlook.com,2459 Park Way,,Laredo,IL,77090,USA,Barcelona Open Banc Sabadell,2025-06-05
Alice Stevens,alice.stevens56@yahoo.com,1066 Pine Ave,Suite 657,Oklahoma City,WI,24930,USA,San Diego Open; Abierto Mexicano Telcel (Acapulco),2025-06-05
Josiah Mason,jmason@test.com,6913 Cedar Blvd,,Minneapolis,MS,57443,USA,Western & Southern Open (Cincinnati),2025-06-05
Andrew Wright,andreww@comcast.net,1063 Second Ave,,Dallas,TX,32252,USA,Western & Southern Open (Cincinnati),2025-06-05
Isabella Carter,isabellac@yahoo.com,7960 Main Blvd,Apt 569,Denver,TX,52200,USA,ABN AMRO Open (Rotterdam); China Open (Beijing); Credit One Charleston Open; Barcelona Open Banc Sabadell,2025-06-05
William Johnson,william873@sample.org,3002 First Ave,,Minneapolis,AK,78820,USA,Dubai Duty Free Tennis Championships (WTA); Open 6ème Sens (Lyon); Mubadala Citi DC Open,2025-06-05
Alexa Woods,alexa.woods83@mockmail.net,5198 Park Dr,,Hialeah,SD,45701,USA,Abierto Mexicano Telcel (Acapulco); BNP Paribas Open (Indian Wells); National Bank Open (Canada),2025-06-05
Asher Murray,asher275@msn.com,5244 Park Way,,Baton Rouge,DE,49219,USA,Winston-Salem Open; Rio Open,2025-06-05
Axel Alvarez,axel344@gmail.com,264 Oak Dr,Apt 383,Las Vegas,SD,35976,USA,Gonet Geneva Open; Internazionali BNL d'Italia (Rome); US Open,2025-06-05
Liam Anderson,liam.anderson812@gmail.com,726 Main St,,San Jose,NY,48408,USA,Western & Southern Open (Cincinnati); US Open; Qatar TotalEnergies Open (Doha); China Open (Beijing),2025-06-05
Ava Wilson,ava.wilson21@test.com,147 Main St,,San Antonio,FL,79466,USA,Swiss Indoors Basel; Monte Carlo Masters,2025-06-05
Mason Jackson,mason.jackson665@outlook.com,443 Main St,,Houston,IL,70676,USA,Winston-Salem Open,2025-06-05
Alexander Brown,alexander.brown979@outlook.com,707 Main St,,Los Angeles,CA,18877,USA,Gonet Geneva Open; Swiss Indoors Basel; US Open,2025-06-05
Charlotte Brown,charlotte.brown718@yahoo.com,450 Main St,,Dallas,OH,74461,USA,Winston-Salem Open; Roland Garros (French Open); BNP Paribas Open (Indian Wells),2025-06-05
Isabella Williams,isabella.williams831@yahoo.com,664 Main St,,New York,CA,25265,USA,Mubadala Citi DC Open; ABN AMRO Open (Rotterdam); Internazionali BNL d'Italia (Rome),2025-06-05
Trinity Tran,trinity.tran16@verizon.net,4809 First Ave,,Anaheim,OK,57887,USA,Rolex Paris Masters; Australian Open,2025-06-05
Jackson Stewart,jacksons@outlook.com,5670 First St,,Chicago,MO,56128,USA,Mubadala Citi DC Open; Roland Garros (French Open); Monte Carlo Masters; Internazionali BNL d'Italia (Rome),2025-06-05
Addison Bailey,addison.bailey@verizon.net,8270 Second Way,,Colorado Springs,MA,64764,USA,Qatar TotalEnergies Open (Doha); Barcelona Open Banc Sabadell; Rolex Paris Masters,2025-06-05
Victoria Robertson,victoriarobertson@outlook.com,4921 First Way,,Saint Paul,CT,79942,USA,Rio Open; Rolex Shanghai Masters; Qatar TotalEnergies Open (Doha); China Open (Beijing); Roland Garros (French Open),2025-06-05
Elizabeth Adams,elizabeth.adams24@sample.org,9150 Park Ave,,Honolulu,MO,76669,USA,BNP Paribas Open (Indian Wells); Western & Southern Open (Cincinnati); San Diego Open,2025-06-05
Hazel Thompson,hthompson@comcast.net,7464 Second Dr,Apt 399,Memphis,GA,42965,USA,Hobart International; Dubai Duty Free Tennis Championships (WTA); US Open,2025-06-05
Ashley Hernandez,ashley277@test.com,6227 Cedar Way,Suite 784,Detroit,VT,83450,USA,US Open; Madrid Open,2025-06-05
Ariana Gomez,ariana40@comcast.net,2631 Second Blvd,Apt 285,Durham,TX,35856,USA,Winston-Salem Open; Monte Carlo Masters,2025-06-05
Ashley Kim,ashleyk@mockmail.net,6593 Cedar Blvd,,Lubbock,TN,56515,USA,ABN AMRO Open (Rotterdam); Dubai Duty Free Tennis Championships (WTA); Hobart International,2025-06-05
Ella Moreno,ella.moreno@comcast.net,8701 Park Dr,,Bakersfield,MN,18147,USA,Australian Open; Mubadala Citi DC Open,2025-06-05
Daniel Owens,daniel.owens@live.com,1918 Pine Blvd,,Indianapolis,OK,54714,USA,Gonet Geneva Open,2025-06-05
Jeremiah Morgan,jeremiahm@sample.org,2177 Second Way,Suite 135,Chesapeake,TX,50722,USA,Qatar TotalEnergies Open (Doha); Madrid Open; Abierto Mexicano Telcel (Acapulco); China Open (Beijing),2025-06-05
Ethan Moore,ethan.moore560@outlook.com,522 Main St,,Los Angeles,CA,67159,USA,Internazionali BNL d'Italia (Rome); Madrid Open; National Bank Open (Canada); Dubai Duty Free Tennis Championships (WTA); Western & Southern Open (Cincinnati),2025-06-05
Noah Taylor,noah.taylor592@hotmail.com,419 Main St,,Philadelphia,GA,99448,USA,Qatar TotalEnergies Open (Doha); US Open,2025-06-05
James Thomas,james.thomas569@hotmail.com,744 Main St,,Philadelphia,OH,52743,USA,Abierto Mexicano Telcel (Acapulco),2025-06-05
Benjamin Brown,benjamin.brown214@test.com,661 Main St,,Dallas,CA,16103,USA,Monte Carlo Masters; Swiss Indoors Basel,2025-06-05
Lucas Wilson,lucas.wilson441@hotmail.com,128 Main St,,Philadelphia,PA,63024,USA,National Bank Open (Canada),2025-06-05
Henry Jackson,henry.jackson112@gmail.com,848 Main St,,Chicago,OH,63643,USA,Qatar TotalEnergies Open (Doha); San Diego Open; Rio Open,2025-06-05
Evelyn Thomas,evelyn.thomas459@outlook.com,961 Main St,,Philadelphia,CA,76848,USA,Rio Open; Hobart International; Open 6ème Sens (Lyon),2025-06-05
Scarlett Rogers,scarlett719@icloud.com,4261 Second St,,Fort Worth,PA,78988,USA,Wimbledon; Cinch Championships (Queen's Club),2025-06-05
Lucas Miller,lucas.miller473@test.com,923 Main St,,San Antonio,IL,33389,USA,US Open; Mubadala Citi DC Open,2025-06-05
Emily Ruiz,emily586@comcast.net,1845 Elm Blvd,,Seattle,NE,74299,USA,US Open; Open 6ème Sens (Lyon); Rio Open,2025-06-05
Audrey Martin,audrey.martin70@icloud.com,1128 Oak Blvd,,Sacramento,OK,82739,USA,Monte Carlo Masters,2025-06-05
Natalie Phillips,nataliep@aol.com,8361 Cedar St,Suite 575,Sacramento,VT,82072,USA,Rothesay Open Nottingham; Gonet Geneva Open; Qatar TotalEnergies Open (Doha),2025-06-05
Lillian White,lwhite@demo.com,2762 First Dr,,Colorado Springs,MS,55035,USA,Rolex Paris Masters; Western & Southern Open (Cincinnati),2025-06-05
Julian Cook,julian449@gmail.com,8681 First St,,Las Vegas,MO,47288,USA,Cinch Championships (Queen's Club); Monte Carlo Masters; Gonet Geneva Open; Australian Open,2025-06-05
Isaac Turner,isaac836@test.com,9847 Pine Way,,Dallas,ID,15368,USA,Hobart International; San Diego Open,2025-06-05
Mateo Ramos,mateoramos@hotmail.com,1506 Main Ave,,Sacramento,IN,76882,USA,Barcelona Open Banc Sabadell,2025-06-05
Mila Flores,milaflores@comcast.net,8513 Cedar Blvd,,Sacramento,MS,49898,USA,Qatar TotalEnergies Open (Doha),2025-06-05
Aria Miller,aria.miller@test.com,1815 Main Blvd,,Colorado Springs,IA,59828,USA,Cinch Championships (Queen's Club); Rolex Shanghai Masters,2025-06-05
Owen Cook,owen.cook@demo.com,6209 Elm Dr,Suite 372,El Paso,AR,29540,USA,Rolex Shanghai Masters; Swiss Indoors Basel; Rio Open,2025-06-05
Abigail Howard,abigail670@mockmail.net,2659 Oak Dr,,Washington,KS,69078,USA,Dubai Duty Free Tennis Championships (WTA); Rolex Shanghai Masters,2025-06-05
Joseph Alvarez,josepha@live.com,9535 Elm Way,,San Diego,FL,24287,USA,Swiss Indoors Basel; Dubai Duty Free Tennis Championships (WTA); Gonet Geneva Open,2025-06-05
Jackson Scott,jackson.scott@demo.com,3291 Pine St,,Boston,SD,38556,USA,Australian Open,2025-06-05
Ellie Garcia,egarcia@mockmail.net,4950 Second Way,,Louisville,SC,41392,USA,Australian Open; ABN AMRO Open (Rotterdam); Roland Garros (French Open),2025-06-05
Brooklyn Jones,brooklyn.jones15@yahoo.com,8090 Park Dr,,San Antonio,AL,47305,USA,National Bank Open (Canada); Gonet Geneva Open; Rothesay Open Nottingham,2025-06-05
Henry Turner,henry113@example.com,717 Park Blvd,Apt 326,Seattle,AL,89969,USA,Abierto Mexicano Telcel (Acapulco); Hobart International; US Open,2025-06-05
Lucas Stewart,lucas.stewart82@icloud.com,1156 Elm Way,,San Antonio,IL,22845,USA,bett1open (Berlin),2025-06-05
Violet Lopez,vlopez@live.com,2498 Oak St,,Las Vegas,ME,96659,USA,ABN AMRO Open (Rotterdam); Abierto Mexicano Telcel (Acapulco); Rothesay Open Nottingham; San Diego Open,2025-06-05
Lucas Kim,lkim@live.com,3425 First Way,Apt 280,Los Angeles,RI,43707,USA,San Diego Open,2025-06-05
Grace Wood,grace390@outlook.com,5585 Cedar St,,Fresno,WA,88995,USA,BNP Paribas Open (Indian Wells),2025-06-05
Aurora Reyes,aurorareyes@yahoo.com,8275 Main Blvd,Apt 223,Sacramento,AK,72097,USA,Rolex Paris Masters; Mubadala Citi DC Open; Barcelona Open Banc Sabadell; Rothesay Open Nottingham,2025-06-05
James Jackson,james.jackson341@yahoo.com,543 Main St,,Chicago,CA,35737,USA,Rothesay Open Nottingham; Western & Southern Open (Cincinnati),2025-06-05
Lillian Green,lillian.green@example.com,894 Second St,,Baltimore,AR,84445,USA,bett1open (Berlin); Barcelona Open Banc Sabadell,2025-06-05
Sophia Morales,sophiam@demo.com,6620 Cedar Ave,Suite 623,San Antonio,KY,59233,USA,Miami Open; Qatar TotalEnergies Open (Doha); ABN AMRO Open (Rotterdam),2025-06-05
Emily Murphy,emilym@example.com,1697 Elm St,,San Diego,ME,49302,USA,Swiss Indoors Basel,2025-06-05
Luke Mitchell,lmitchell@verizon.net,7271 Cedar Dr,,Mesa,FL,50045,USA,Roland Garros (French Open); Mubadala Citi DC Open; Winston-Salem Open,2025-06-05
Mateo Watson,mateowatson@msn.com,1833 Oak Way,,Memphis,MD,76722,USA,Dubai Duty Free Tennis Championships (WTA); Open 6ème Sens (Lyon),2025-06-05
William Sanchez,wsanchez@test.com,604 Cedar Way,Apt 248,Washington,PA,39506,USA,Winston-Salem Open,2025-06-05
Ava Richardson,arichardson@demo.com,4599 Park Way,,Jacksonville,AZ,76322,USA,China Open (Beijing),2025-06-05
Riley Castillo,rileyc@hotmail.com,7826 First Blvd,,San Jose,MN,85003,USA,Madrid Open,2025-06-05
Owen Nguyen,owen657@demo.com,1938 Pine Ave,,Charlotte,IN,50489,USA,bett1open (Berlin),2025-06-05
Emma Morales,emmamorales@live.com,7387 Second Blvd,,Albuquerque,CO,79448,USA,Rolex Shanghai Masters; BNP Paribas Open (Indian Wells); Miami Open; Wimbledon,2025-06-05
Christian White,christian.white2@comcast.net,8602 Pine Ave,,San Francisco,CO,21411,USA,Mubadala Citi DC Open; San Diego Open; China Open (Beijing); National Bank Open (Canada); Dubai Duty Free Tennis Championships (WTA),2025-06-05
Daniel Myers,danielmyers@gmail.com,5311 Park Blvd,Suite 835,Fresno,AZ,72585,USA,Cinch Championships (Queen's Club),2025-06-05
Owen Brooks,obrooks@test.com,1840 Cedar Dr,,Washington,AR,32144,USA,ABN AMRO Open (Rotterdam); Open 6ème Sens (Lyon); Miami Open,2025-06-05
Samuel Thomas,samuel.thomas@example.com,3050 Main Way,,Atlanta,NH,97240,USA,Qatar TotalEnergies Open (Doha); Barcelona Open Banc Sabadell; Cinch Championships (Queen's Club),2025-06-05
Evelyn Wilson,evelyn.wilson310@test.com,509 Main St,,Chicago,TX,46149,USA,ABN AMRO Open (Rotterdam); Gonet Geneva Open; Wimbledon,2025-06-05
Lucas Martinez,lucas.martinez864@yahoo.com,273 Main St,,Phoenix,FL,20743,USA,Hobart International,2025-06-05
Henry Thomas,henry.thomas623@outlook.com,460 Main St,,Chicago,PA,64722,USA,Hobart International,2025-06-05
Amelia Lopez,amelia.lopez974@outlook.com,682 Main St,,San Antonio,FL,79401,USA,bett1open (Berlin); Wimbledon; US Open,2025-06-05
Isabella Gonzalez,isabella.gonzalez965@hotmail.com,643 Main St,,Houston,CA,64724,USA,Rio Open; Gonet Geneva Open,2025-06-05
Amelia Jackson,amelia.jackson373@yahoo.com,945 Main St,,Phoenix,MI,21596,USA,Internazionali BNL d'Italia (Rome); Swiss Indoors Basel,2025-06-05
Mason Williams,mason.williams388@hotmail.com,683 Main St,,Phoenix,MI,10867,USA,ABN AMRO Open (Rotterdam); Rio Open; Roland Garros (French Open),2025-06-05
Ava Hernandez,ava.hernandez240@outlook.com,396 Main St,,Phoenix,PA,91953,USA,Swiss Indoors Basel; Winston-Salem Open,2025-06-05
Liam Davis,liam.davis134@hotmail.com,226 Main St,,Chicago,GA,85292,USA,Hobart International; Wimbledon; Western & Southern Open (Cincinnati),2025-06-05
Ethan Jones,ethan.jones400@gmail.com,329 Main St,,Phoenix,IL,44255,USA,Credit One Charleston Open; Swiss Indoors Basel; Roland Garros (French Open),2025-06-05
Amelia Moore,amelia.moore994@yahoo.com,158 Main St,,Dallas,CA,84811,USA,Barcelona Open Banc Sabadell,2025-06-05
Henry Johnson,henry.johnson307@yahoo.com,747 Main St,,Houston,TX,65263,USA,Internazionali BNL d'Italia (Rome); Rolex Paris Masters,2025-06-05
Emma Jones,emma.jones781@outlook.com,470 Main St,,Los Angeles,GA,80293,USA,National Bank Open (Canada),2025-06-05
James Johnson,james.johnson418@yahoo.com,612 Main St,,Philadelphia,PA,63090,USA,Rolex Paris Masters; Rothesay Open Nottingham,2025-06-05
William Wilson,william.wilson55@test.com,825 Main St,,Los Angeles,TX,44059,USA,Mubadala Citi DC Open,2025-06-05
Alexander Martin,alexander.martin988@outlook.com,693 Main St,,Dallas,FL,81230,USA,Dubai Duty Free Tennis Championships (WTA); ABN AMRO Open (Rotterdam); San Diego Open,2025-06-05
Mia Thomas,mia.thomas764@outlook.com,163 Main St,,Los Angeles,NC,87345,USA,Barcelona Open Banc Sabadell; Roland Garros (French Open); Cinch Championships (Queen's Club); ABN AMRO Open (Rotterdam),2025-06-05
Mason Taylor,mason.taylor655@hotmail.com,382 Main St,,San Antonio,CA,63707,USA,Internazionali BNL d'Italia (Rome); China Open (Beijing); Barcelona Open Banc Sabadell,2025-06-05
Liam Rodriguez,liam.rodriguez724@yahoo.com,328 Main St,,Dallas,MI,31675,USA,Wimbledon; Madrid Open; Monte Carlo Masters; Rothesay Open Nottingham; Abierto Mexicano Telcel (Acapulco),2025-06-05
Emma Anderson,emma.anderson175@gmail.com,249 Main St,,Chicago,MI,33453,USA,Wimbledon; Rolex Shanghai Masters,2025-06-05
Charlotte Thomas,charlotte.thomas165@outlook.com,727 Main St,,Dallas,FL,78101,USA,Madrid Open,2025-06-05
Emma Moore,emma.moore459@test.com,644 Main St,,Philadelphia,TX,37379,USA,National Bank Open (Canada); Cinch Championships (Queen's Club),2025-06-05
Benjamin Williams,benjamin.williams949@test.com,136 Main St,,Phoenix,NC,24366,USA,Cinch Championships (Queen's Club),2025-06-05
